1432662203,-1.070683E-1,-1.064666E-1,-1.052018E-1,-1.039429E-1,-1.026818E-1,-1.014010E-1,-1.001467E-1,-9.890805E-2,-9.764700E-2,-9.639700E-2,-9.516305E-2,-9.390480E-2,-9.265475E-2,-9.143380E-2,-9.020345E-2,-8.895780E-2,-8.777900E-2,-8.650920E-2,-8.536665E-2,-8.412295E-2,-8.296720E-2,-8.179835E-2,-8.057900E-2,-7.935380E-2,-7.819260E-2,-7.699140E-2,-7.580355E-2,-7.460580E-2,-7.345835E-2,-7.225215E-2,-7.110305E-2,-6.994505E-2,-6.873515E-2,-6.763020E-2,-6.644415E-2,-6.529410E-2,-6.419890E-2,-6.301345E-2,-6.192895E-2,-6.076965E-2,-5.964155E-2,-5.856015E-2,-5.740180E-2,-5.627350E-2,-5.514700E-2,-5.404255E-2,-5.295900E-2,-5.186495E-2,-5.077835E-2,-4.966774E-2,-4.860613E-2,-4.747394E-2,-4.638912E-2,-4.535558E-2,-4.425292E-2,-4.322961E-2,-4.216476E-2,-4.110867E-2,-4.003441E-2,-3.896744E-2,-3.795094E-2,-3.690589E-2,-3.583487E-2,-3.482390E-2,-3.377527E-2,-3.274839E-2,-3.172767E-2,-3.069852E-2,-2.969144E-2,-2.864866E-2,-2.764303E-2,-2.665153E-2,-2.569492E-2,-2.468588E-2,-2.374241E-2,-2.275107E-2,-2.174870E-2,-2.073480E-2,-1.980382E-2,-1.881945E-2,-1.786170E-2,-1.688643E-2,-1.592786E-2,-1.498456E-2,-1.404012E-2,-1.311173E-2,-1.219553E-2,-1.118000E-2,-1.028993E-2,-9.353430E-3,-8.481850E-3,-7.555905E-3,-6.672800E-3,-5.730305E-3,-4.867160E-3,-3.964583E-3,-3.040098E-3,-2.154236E-3,-1.277623E-3,-4.031198E-4, 4.872865E-4, 1.345238E-3, 2.237591E-3, 3.098139E-3, 3.945055E-3, 4.801546E-3, 5.666960E-3, 6.472335E-3, 7.335315E-3, 8.159190E-3, 8.941520E-3, 9.772860E-3, 1.061653E-2, 1.140633E-2, 1.223766E-2, 1.305488E-2, 1.385198E-2, 1.463512E-2, 1.542508E-2, 1.621391E-2, 1.700046E-2, 1.781492E-2, 1.856625E-2, 1.934387E-2, 2.007152E-2, 2.081085E-2, 2.156153E-2, 2.233024E-2, 2.303499E-2, 2.378082E-2, 2.451235E-2, 2.525233E-2, 2.602330E-2, 2.673374E-2, 2.740411E-2, 2.814003E-2, 2.885307E-2, 2.952245E-2, 3.022802E-2, 3.092581E-2, 3.162505E-2, 3.231083E-2, 3.298508E-2, 3.362445E-2, 3.427421E-2, 3.491179E-2, 3.559334E-2, 3.621080E-2, 3.686039E-2, 3.746877E-2, 3.811771E-2, 3.872445E-2, 3.935863E-2, 3.999231E-2, 4.058835E-2, 4.123664E-2, 4.183673E-2, 4.246182E-2, 4.302200E-2, 4.358850E-2, 4.417512E-2, 4.474942E-2, 4.537142E-2, 4.589265E-2, 4.642881E-2, 4.690541E-2, 4.746494E-2, 4.794949E-2, 4.843340E-2, 4.900445E-2, 4.948251E-2, 5.002435E-2, 5.052740E-2, 5.102805E-2, 5.152750E-2, 5.202195E-2, 5.254985E-2, 5.306440E-2, 5.352350E-2, 5.399425E-2, 5.447835E-2, 5.491585E-2, 5.539760E-2, 5.582780E-2, 5.629470E-2, 5.676660E-2, 5.718460E-2, 5.766155E-2, 5.808605E-2, 5.849515E-2, 5.891460E-2, 5.926970E-2, 5.975345E-2, 6.013495E-2, 6.052180E-2, 6.088220E-2, 6.130850E-2, 6.164570E-2, 6.202900E-2, 6.242755E-2, 6.277095E-2, 6.310995E-2, 6.352635E-2, 6.377560E-2, 6.383240E-2, 6.394045E-2, 6.413585E-2, 6.438430E-2, 6.458455E-2, 6.470185E-2, 6.501795E-2, 6.559180E-2, 6.597915E-2, 6.629410E-2, 6.666880E-2, 6.701820E-2, 6.736740E-2, 6.758420E-2, 6.786980E-2, 6.814080E-2, 6.843680E-2, 6.867500E-2, 6.890740E-2, 6.921945E-2, 6.946190E-2, 6.967725E-2, 6.986985E-2, 7.013000E-2, 7.032860E-2, 7.055905E-2, 7.077115E-2, 7.094850E-2, 7.114630E-2, 7.133895E-2, 7.154420E-2, 7.165000E-2, 7.182655E-2, 7.203135E-2, 7.214790E-2, 7.225870E-2, 7.241740E-2, 7.259055E-2, 7.266815E-2, 7.278175E-2, 7.292615E-2, 7.299885E-2, 7.310255E-2, 7.320220E-2, 7.328705E-2, 7.335780E-2, 7.346265E-2, 7.352445E-2, 7.359925E-2, 7.366190E-2, 7.371610E-2, 7.371500E-2, 7.375200E-2, 7.382305E-2, 7.382125E-2, 7.384105E-2, 7.390385E-2, 7.385240E-2, 7.385500E-2, 7.386945E-2, 7.386230E-2, 7.379885E-2, 7.377500E-2, 7.375765E-2, 7.371060E-2, 7.366550E-2, 7.364035E-2, 7.355060E-2, 7.346020E-2, 7.337240E-2, 7.328850E-2, 7.321190E-2, 7.310060E-2, 7.299140E-2, 7.284745E-2, 7.268970E-2, 7.251185E-2, 7.233335E-2, 7.206060E-2, 7.183760E-2, 7.161580E-2, 7.114650E-2, 7.086055E-2, 7.092855E-2, 7.107315E-2, 7.111940E-2, 7.111985E-2, 7.132610E-2, 7.166965E-2, 7.170485E-2, 7.144265E-2, 7.126525E-2, 7.103240E-2, 7.085940E-2, 7.065010E-2, 7.043975E-2, 7.018175E-2, 6.995830E-2, 6.973905E-2, 6.949275E-2, 6.927720E-2, 6.902405E-2, 6.876120E-2, 6.850660E-2, 6.823605E-2, 6.796410E-2, 6.769715E-2, 6.735815E-2, 6.707205E-2, 6.678290E-2, 6.642115E-2, 6.616415E-2, 6.578085E-2, 6.544750E-2, 6.508920E-2, 6.473495E-2, 6.442275E-2, 6.402515E-2, 6.368700E-2, 6.330465E-2, 6.289750E-2, 6.252330E-2, 6.215785E-2, 6.177325E-2, 6.143750E-2, 6.100895E-2, 6.062355E-2, 6.017325E-2, 5.978120E-2, 5.932290E-2, 5.890880E-2, 5.848005E-2, 5.797700E-2, 5.755460E-2, 5.706030E-2, 5.654525E-2, 5.610010E-2, 5.559885E-2, 5.507405E-2, 5.459450E-2, 5.409860E-2, 5.354055E-2, 5.304640E-2, 5.253735E-2, 5.198835E-2, 5.148615E-2, 5.091540E-2, 5.030835E-2, 4.976585E-2, 4.919837E-2, 4.863933E-2, 4.805189E-2, 4.742016E-2, 4.687344E-2, 4.622905E-2, 4.560072E-2, 4.503081E-2, 4.438657E-2, 4.380433E-2, 4.314403E-2, 4.251245E-2, 4.184874E-2, 4.118926E-2, 4.051808E-2, 3.985568E-2, 3.918109E-2, 3.850993E-2, 3.782528E-2, 3.714048E-2, 3.641462E-2, 3.572576E-2, 3.502863E-2, 3.423591E-2, 3.354007E-2, 3.278500E-2, 3.205914E-2, 3.127990E-2, 3.057205E-2, 2.979994E-2, 2.905461E-2, 2.824388E-2, 2.749400E-2, 2.670097E-2, 2.589380E-2, 2.513046E-2, 2.429263E-2, 2.346941E-2, 2.266939E-2, 2.186029E-2, 2.100996E-2, 2.014487E-2, 1.928319E-2, 1.843043E-2, 1.755852E-2, 1.666000E-2, 1.586875E-2, 1.497996E-2, 1.409410E-2, 1.321457E-2, 1.229998E-2, 1.139123E-2, 1.047097E-2, 9.538860E-3, 8.596850E-3, 7.706930E-3, 6.753560E-3, 5.769680E-3, 4.825238E-3, 3.845256E-3, 2.887992E-3, 1.891782E-3, 8.853485E-4,-6.623560E-5,-1.062445E-3,-2.034152E-3,-3.026143E-3,-4.027870E-3,-5.090450E-3,-6.145890E-3,-7.113705E-3,-8.186670E-3,-9.225560E-3,-1.028571E-2,-1.129798E-2,-1.241720E-2,-1.351044E-2,-1.457919E-2,-1.566871E-2,-1.684846E-2,-1.791736E-2,-1.900721E-2,-2.006459E-2,-2.118917E-2,-2.228177E-2,-2.343717E-2,-2.458641E-2,-2.574457E-2,-2.686849E-2,-2.806917E-2,-2.924145E-2,-3.039458E-2,-3.158130E-2,-3.280243E-2,-3.399499E-2,-3.522877E-2,-3.637768E-2,-3.759832E-2,-3.882350E-2,-4.005355E-2,-4.128880E-2,-4.249029E-2,-4.372666E-2,-4.496840E-2,-4.625817E-2,-4.752262E-2,-4.879129E-2,-5.006140E-2,-5.140555E-2,-5.270115E-2,-5.401900E-2,-5.532515E-2,-5.664315E-2,-5.799055E-2,-5.929960E-2,-6.062785E-2,-6.197800E-2,-6.333800E-2,-6.468585E-2,-6.600795E-2,-6.735110E-2,-6.874665E-2,-7.015295E-2,-7.149740E-2,-7.291245E-2,-7.432605E-2,-7.575050E-2,-7.714005E-2,-7.856825E-2,-8.003975E-2,-8.144930E-2,-8.291725E-2,-8.440205E-2,-8.582245E-2,-8.733295E-2,-8.871535E-2,-9.019935E-2,-9.165370E-2,-9.311515E-2,-9.462140E-2,-9.611320E-2,-9.763860E-2,-9.913345E-2,-1.006994E-1,-1.022139E-1,-1.037097E-1,-1.044749E-1  


1432682378,-6.295195E-2,-6.235835E-2,-6.106630E-2,-5.982910E-2,-5.853840E-2,-5.729050E-2,-5.598270E-2,-5.473985E-2,-5.347570E-2,-5.221435E-2,-5.094970E-2,-4.971837E-2,-4.844954E-2,-4.722273E-2,-4.600339E-2,-4.479233E-2,-4.350905E-2,-4.227884E-2,-4.112750E-2,-3.986824E-2,-3.869304E-2,-3.754217E-2,-3.631488E-2,-3.511761E-2,-3.389341E-2,-3.271252E-2,-3.152142E-2,-3.031490E-2,-2.915333E-2,-2.798008E-2,-2.682387E-2,-2.561021E-2,-2.441423E-2,-2.327798E-2,-2.212663E-2,-2.096020E-2,-1.977818E-2,-1.869255E-2,-1.760320E-2,-1.639133E-2,-1.536168E-2,-1.416669E-2,-1.302508E-2,-1.195244E-2,-1.082641E-2,-9.718065E-3,-8.526150E-3,-7.437445E-3,-6.413970E-3,-5.226440E-3,-4.187874E-3,-3.086671E-3,-1.961290E-3,-8.596010E-4, 1.653317E-4, 1.223207E-3, 2.278810E-3, 3.316886E-3, 4.407703E-3, 5.455355E-3, 6.505115E-3, 7.572240E-3, 8.620540E-3, 9.676305E-3, 1.069069E-2, 1.174840E-2, 1.277853E-2, 1.384630E-2, 1.484933E-2, 1.586112E-2, 1.687356E-2, 1.788485E-2, 1.883498E-2, 1.982405E-2, 2.082934E-2, 2.178872E-2, 2.282339E-2, 2.378893E-2, 2.477427E-2, 2.574613E-2, 2.672466E-2, 2.764898E-2, 2.866953E-2, 2.962550E-2, 3.057416E-2, 3.152639E-2, 3.247489E-2, 3.339759E-2, 3.435745E-2, 3.523812E-2, 3.613875E-2, 3.707946E-2, 3.796890E-2, 3.888933E-2, 3.981284E-2, 4.068831E-2, 4.156882E-2, 4.251066E-2, 4.338826E-2, 4.429408E-2, 4.516923E-2, 4.604535E-2, 4.690834E-2, 4.779290E-2, 4.863900E-2, 4.953380E-2, 5.036010E-2, 5.121885E-2, 5.202620E-2, 5.287505E-2, 5.369275E-2, 5.453645E-2, 5.533610E-2, 5.617315E-2, 5.697430E-2, 5.779590E-2, 5.862610E-2, 5.942025E-2, 6.018410E-2, 6.098755E-2, 6.180135E-2, 6.257100E-2, 6.337525E-2, 6.415030E-2, 6.493165E-2, 6.564860E-2, 6.639700E-2, 6.713260E-2, 6.789480E-2, 6.860765E-2, 6.934020E-2, 7.006215E-2, 7.081705E-2, 7.155395E-2, 7.226050E-2, 7.297045E-2, 7.370315E-2, 7.437740E-2, 7.509350E-2, 7.579955E-2, 7.647105E-2, 7.717565E-2, 7.787085E-2, 7.851735E-2, 7.919390E-2, 7.986035E-2, 8.053625E-2, 8.112515E-2, 8.178720E-2, 8.241215E-2, 8.310070E-2, 8.373370E-2, 8.435245E-2, 8.498390E-2, 8.556305E-2, 8.623310E-2, 8.679650E-2, 8.740505E-2, 8.800480E-2, 8.860685E-2, 8.920095E-2, 8.979295E-2, 9.039840E-2, 9.091995E-2, 9.147425E-2, 9.204760E-2, 9.261070E-2, 9.318530E-2, 9.374305E-2, 9.426880E-2, 9.483725E-2, 9.536840E-2, 9.589480E-2, 9.638635E-2, 9.692950E-2, 9.747330E-2, 9.796335E-2, 9.847645E-2, 9.897155E-2, 9.940875E-2, 9.990125E-2, 1.003550E-1, 1.008485E-1, 1.012573E-1, 1.017502E-1, 1.022279E-1, 1.026841E-1, 1.031010E-1, 1.035643E-1, 1.040013E-1, 1.044368E-1, 1.048255E-1, 1.052883E-1, 1.056844E-1, 1.061355E-1, 1.065201E-1, 1.069223E-1, 1.072770E-1, 1.077031E-1, 1.080652E-1, 1.084173E-1, 1.088152E-1, 1.091687E-1, 1.094700E-1, 1.099599E-1, 1.104315E-1, 1.109016E-1, 1.112980E-1, 1.116695E-1, 1.121141E-1, 1.125023E-1, 1.127363E-1, 1.129176E-1, 1.131752E-1, 1.134367E-1, 1.137496E-1, 1.139897E-1, 1.141949E-1, 1.145174E-1, 1.147390E-1, 1.149738E-1, 1.152295E-1, 1.154683E-1, 1.156805E-1, 1.159510E-1, 1.161264E-1, 1.164041E-1, 1.165993E-1, 1.168365E-1, 1.169968E-1, 1.172156E-1, 1.174131E-1, 1.176017E-1, 1.177730E-1, 1.179807E-1, 1.180829E-1, 1.182518E-1, 1.184299E-1, 1.185610E-1, 1.187147E-1, 1.188890E-1, 1.190346E-1, 1.191493E-1, 1.192916E-1, 1.194153E-1, 1.195306E-1, 1.196176E-1, 1.197274E-1, 1.198360E-1, 1.198860E-1, 1.200150E-1, 1.200662E-1, 1.201521E-1, 1.202187E-1, 1.202667E-1, 1.203144E-1, 1.203589E-1, 1.204347E-1, 1.204575E-1, 1.204805E-1, 1.204814E-1, 1.205220E-1, 1.205569E-1, 1.205539E-1, 1.205168E-1, 1.205461E-1, 1.205410E-1, 1.205275E-1, 1.204911E-1, 1.204483E-1, 1.204141E-1, 1.204116E-1, 1.203509E-1, 1.203194E-1, 1.202565E-1, 1.201791E-1, 1.201059E-1, 1.200606E-1, 1.199532E-1, 1.198711E-1, 1.197750E-1, 1.197658E-1, 1.196526E-1, 1.195185E-1, 1.194297E-1, 1.193788E-1, 1.193492E-1, 1.192293E-1, 1.189393E-1, 1.187042E-1, 1.185174E-1, 1.182919E-1, 1.179904E-1, 1.176596E-1, 1.174740E-1, 1.172935E-1, 1.170899E-1, 1.168308E-1, 1.166711E-1, 1.164039E-1, 1.162182E-1, 1.159925E-1, 1.157254E-1, 1.154880E-1, 1.152500E-1, 1.149663E-1, 1.147148E-1, 1.144248E-1, 1.141946E-1, 1.139044E-1, 1.136051E-1, 1.133261E-1, 1.130267E-1, 1.127131E-1, 1.123965E-1, 1.120505E-1, 1.117290E-1, 1.114025E-1, 1.110673E-1, 1.106986E-1, 1.103823E-1, 1.099815E-1, 1.096345E-1, 1.092329E-1, 1.088706E-1, 1.085007E-1, 1.080952E-1, 1.076934E-1, 1.073128E-1, 1.068895E-1, 1.064228E-1, 1.059980E-1, 1.055548E-1, 1.050857E-1, 1.046629E-1, 1.041889E-1, 1.037733E-1, 1.033122E-1, 1.027942E-1, 1.023827E-1, 1.019026E-1, 1.013437E-1, 1.008955E-1, 1.004093E-1, 9.987170E-2, 9.936705E-2, 9.885620E-2, 9.834505E-2, 9.780075E-2, 9.727465E-2, 9.669240E-2, 9.614345E-2, 9.558845E-2, 9.503495E-2, 9.444295E-2, 9.381365E-2, 9.327455E-2, 9.271550E-2, 9.210615E-2, 9.145595E-2, 9.083895E-2, 9.020155E-2, 8.964670E-2, 8.899500E-2, 8.833960E-2, 8.776905E-2, 8.710465E-2, 8.637360E-2, 8.574400E-2, 8.507055E-2, 8.437745E-2, 8.369265E-2, 8.299975E-2, 8.231545E-2, 8.159445E-2, 8.085870E-2, 8.015815E-2, 7.940130E-2, 7.869685E-2, 7.792845E-2, 7.721220E-2, 7.647595E-2, 7.573480E-2, 7.496385E-2, 7.419710E-2, 7.343860E-2, 7.266670E-2, 7.183745E-2, 7.105365E-2, 7.016730E-2, 6.943170E-2, 6.862860E-2, 6.777455E-2, 6.693865E-2, 6.605640E-2, 6.523950E-2, 6.438770E-2, 6.352895E-2, 6.268930E-2, 6.181530E-2, 6.093705E-2, 6.004550E-2, 5.915835E-2, 5.825790E-2, 5.737090E-2, 5.642110E-2, 5.551220E-2, 5.457230E-2, 5.365315E-2, 5.270855E-2, 5.175485E-2, 5.078350E-2, 4.987068E-2, 4.883552E-2, 4.784418E-2, 4.689146E-2, 4.591229E-2, 4.494367E-2, 4.396530E-2, 4.297526E-2, 4.194157E-2, 4.094520E-2, 3.989397E-2, 3.888738E-2, 3.782042E-2, 3.681268E-2, 3.568275E-2, 3.462537E-2, 3.360774E-2, 3.251741E-2, 3.139917E-2, 3.035639E-2, 2.920066E-2, 2.812055E-2, 2.701772E-2, 2.594298E-2, 2.482620E-2, 2.376848E-2, 2.256732E-2, 2.142458E-2, 2.031477E-2, 1.915758E-2, 1.801046E-2, 1.679177E-2, 1.557275E-2, 1.438473E-2, 1.320466E-2, 1.200123E-2, 1.079877E-2, 9.626325E-3, 8.401305E-3, 7.186510E-3, 5.927740E-3, 4.781749E-3, 3.536283E-3, 2.288708E-3, 9.874200E-4,-2.351645E-4,-1.471543E-3,-2.773805E-3,-4.088886E-3,-5.340840E-3,-6.640830E-3,-7.974250E-3,-9.275215E-3,-1.063168E-2,-1.194513E-2,-1.326963E-2,-1.455810E-2,-1.596081E-2,-1.729715E-2,-1.859292E-2,-1.997794E-2,-2.132207E-2,-2.267886E-2,-2.407135E-2,-2.547454E-2,-2.688131E-2,-2.830869E-2,-2.970832E-2,-3.110924E-2,-3.253419E-2,-3.397973E-2,-3.542431E-2,-3.690638E-2,-3.830763E-2,-3.979716E-2,-4.121512E-2,-4.269605E-2,-4.414680E-2,-4.560825E-2,-4.706889E-2,-4.853943E-2,-5.006695E-2,-5.159330E-2,-5.308445E-2,-5.462560E-2,-5.614725E-2,-5.768350E-2,-5.838505E-2




1432683377,-1.869630E-1,-1.863762E-1,-1.851514E-1,-1.838372E-1,-1.825860E-1,-1.813130E-1,-1.800123E-1,-1.787873E-1,-1.775301E-1,-1.762795E-1,-1.750187E-1,-1.737771E-1,-1.725373E-1,-1.712648E-1,-1.700416E-1,-1.688096E-1,-1.676046E-1,-1.663428E-1,-1.651675E-1,-1.639573E-1,-1.628089E-1,-1.615967E-1,-1.603530E-1,-1.592148E-1,-1.580047E-1,-1.567855E-1,-1.555871E-1,-1.544411E-1,-1.532347E-1,-1.520642E-1,-1.508783E-1,-1.496809E-1,-1.485352E-1,-1.473860E-1,-1.462156E-1,-1.450570E-1,-1.439293E-1,-1.427869E-1,-1.417235E-1,-1.405933E-1,-1.394430E-1,-1.383164E-1,-1.371601E-1,-1.360727E-1,-1.349473E-1,-1.338072E-1,-1.327220E-1,-1.315874E-1,-1.305028E-1,-1.294215E-1,-1.282741E-1,-1.271985E-1,-1.261499E-1,-1.250595E-1,-1.240013E-1,-1.228931E-1,-1.218951E-1,-1.208303E-1,-1.197148E-1,-1.186913E-1,-1.176367E-1,-1.166329E-1,-1.155422E-1,-1.144777E-1,-1.134889E-1,-1.124529E-1,-1.113984E-1,-1.103602E-1,-1.093643E-1,-1.083451E-1,-1.073125E-1,-1.062860E-1,-1.053415E-1,-1.043599E-1,-1.033796E-1,-1.023931E-1,-1.014202E-1,-1.004377E-1,-9.940335E-2,-9.849380E-2,-9.754705E-2,-9.653850E-2,-9.558675E-2,-9.460595E-2,-9.366690E-2,-9.275295E-2,-9.176810E-2,-9.081405E-2,-8.988050E-2,-8.898570E-2,-8.810570E-2,-8.710915E-2,-8.627345E-2,-8.536550E-2,-8.443145E-2,-8.354295E-2,-8.265030E-2,-8.175015E-2,-8.085650E-2,-8.000550E-2,-7.912680E-2,-7.821935E-2,-7.734970E-2,-7.647635E-2,-7.563755E-2,-7.479255E-2,-7.390655E-2,-7.311465E-2,-7.224385E-2,-7.141010E-2,-7.060440E-2,-6.977125E-2,-6.895145E-2,-6.812075E-2,-6.730145E-2,-6.654150E-2,-6.573320E-2,-6.489325E-2,-6.409745E-2,-6.333930E-2,-6.242765E-2,-6.171365E-2,-6.093455E-2,-6.013030E-2,-5.939230E-2,-5.865945E-2,-5.794220E-2,-5.719455E-2,-5.646500E-2,-5.570150E-2,-5.502120E-2,-5.423110E-2,-5.351320E-2,-5.275440E-2,-5.204830E-2,-5.136010E-2,-5.066380E-2,-4.991861E-2,-4.922911E-2,-4.853229E-2,-4.781536E-2,-4.714971E-2,-4.647886E-2,-4.581093E-2,-4.515291E-2,-4.452392E-2,-4.383928E-2,-4.322458E-2,-4.255876E-2,-4.190285E-2,-4.129966E-2,-4.062752E-2,-4.002207E-2,-3.940169E-2,-3.877920E-2,-3.818365E-2,-3.755142E-2,-3.695474E-2,-3.632754E-2,-3.574967E-2,-3.517782E-2,-3.458957E-2,-3.399759E-2,-3.342864E-2,-3.293857E-2,-3.239219E-2,-3.186285E-2,-3.131436E-2,-3.077723E-2,-3.027239E-2,-2.975327E-2,-2.923755E-2,-2.872606E-2,-2.821376E-2,-2.771103E-2,-2.717194E-2,-2.666175E-2,-2.618564E-2,-2.572104E-2,-2.519705E-2,-2.473051E-2,-2.431411E-2,-2.379758E-2,-2.340601E-2,-2.289063E-2,-2.244178E-2,-2.203998E-2,-2.155380E-2,-2.113707E-2,-2.070883E-2,-2.025933E-2,-1.987668E-2,-1.941322E-2,-1.903496E-2,-1.862927E-2,-1.823624E-2,-1.784418E-2,-1.745212E-2,-1.704790E-2,-1.669754E-2,-1.636325E-2,-1.601355E-2,-1.563528E-2,-1.527098E-2,-1.501020E-2,-1.485831E-2,-1.467786E-2,-1.437683E-2,-1.412515E-2,-1.392636E-2,-1.370047E-2,-1.329852E-2,-1.285794E-2,-1.253452E-2,-1.224648E-2,-1.188542E-2,-1.160907E-2,-1.128176E-2,-1.101351E-2,-1.075160E-2,-1.045187E-2,-1.020976E-2,-9.933565E-3,-9.691125E-3,-9.463455E-3,-9.239515E-3,-8.993990E-3,-8.724940E-3,-8.537510E-3,-8.340185E-3,-8.127925E-3,-7.922650E-3,-7.704550E-3,-7.590630E-3,-7.398010E-3,-7.175205E-3,-7.044735E-3,-6.865260E-3,-6.741120E-3,-6.578845E-3,-6.441720E-3,-6.304435E-3,-6.166500E-3,-6.072380E-3,-5.944020E-3,-5.820205E-3,-5.749775E-3,-5.641215E-3,-5.551800E-3,-5.438695E-3,-5.378005E-3,-5.283070E-3,-5.263110E-3,-5.156175E-3,-5.105055E-3,-5.049720E-3,-5.018725E-3,-4.985134E-3,-4.959170E-3,-4.929473E-3,-4.917952E-3,-4.923470E-3,-4.890690E-3,-4.919899E-3,-4.882576E-3,-4.988866E-3,-4.948947E-3,-5.000715E-3,-5.044200E-3,-5.115280E-3,-5.135725E-3,-5.210860E-3,-5.274795E-3,-5.324615E-3,-5.388390E-3,-5.474395E-3,-5.589775E-3,-5.643325E-3,-5.798620E-3,-5.914810E-3,-6.042845E-3,-6.152705E-3,-6.372590E-3,-6.558560E-3,-6.747445E-3,-7.011310E-3,-7.408235E-3,-7.549575E-3,-7.484340E-3,-7.439390E-3,-7.532535E-3,-7.538705E-3,-7.459515E-3,-7.295615E-3,-7.413590E-3,-7.664790E-3,-7.827715E-3,-8.031695E-3,-8.254175E-3,-8.467570E-3,-8.676740E-3,-8.940115E-3,-9.155455E-3,-9.415745E-3,-9.655425E-3,-9.898355E-3,-1.017227E-2,-1.041455E-2,-1.065537E-2,-1.093627E-2,-1.126033E-2,-1.154708E-2,-1.182895E-2,-1.214489E-2,-1.245728E-2,-1.278296E-2,-1.313705E-2,-1.347880E-2,-1.382364E-2,-1.412044E-2,-1.445116E-2,-1.481661E-2,-1.522814E-2,-1.560769E-2,-1.596876E-2,-1.634556E-2,-1.670873E-2,-1.715175E-2,-1.753651E-2,-1.794512E-2,-1.828671E-2,-1.873426E-2,-1.915764E-2,-1.954288E-2,-2.002030E-2,-2.047499E-2,-2.096377E-2,-2.140840E-2,-2.184655E-2,-2.235463E-2,-2.287959E-2,-2.333169E-2,-2.380343E-2,-2.429659E-2,-2.483258E-2,-2.532590E-2,-2.584145E-2,-2.634515E-2,-2.689283E-2,-2.744035E-2,-2.797667E-2,-2.856346E-2,-2.913483E-2,-2.968868E-2,-3.027725E-2,-3.085755E-2,-3.147517E-2,-3.203681E-2,-3.258173E-2,-3.322467E-2,-3.381389E-2,-3.444450E-2,-3.504767E-2,-3.578716E-2,-3.634166E-2,-3.704366E-2,-3.762997E-2,-3.833424E-2,-3.903608E-2,-3.969850E-2,-4.035733E-2,-4.100141E-2,-4.170909E-2,-4.245572E-2,-4.311845E-2,-4.387791E-2,-4.458169E-2,-4.531599E-2,-4.609054E-2,-4.681088E-2,-4.753981E-2,-4.830154E-2,-4.905904E-2,-4.978734E-2,-5.053820E-2,-5.132765E-2,-5.210400E-2,-5.295445E-2,-5.373615E-2,-5.456555E-2,-5.533815E-2,-5.618880E-2,-5.702615E-2,-5.782905E-2,-5.868230E-2,-5.954305E-2,-6.036465E-2,-6.125650E-2,-6.213975E-2,-6.297030E-2,-6.389315E-2,-6.475955E-2,-6.562690E-2,-6.654035E-2,-6.741015E-2,-6.834795E-2,-6.929680E-2,-7.024415E-2,-7.113925E-2,-7.207525E-2,-7.303495E-2,-7.400065E-2,-7.497075E-2,-7.595350E-2,-7.695050E-2,-7.790180E-2,-7.892315E-2,-7.986840E-2,-8.083785E-2,-8.184200E-2,-8.283790E-2,-8.381285E-2,-8.489425E-2,-8.591270E-2,-8.698435E-2,-8.805945E-2,-8.909835E-2,-9.017520E-2,-9.124670E-2,-9.230800E-2,-9.341065E-2,-9.450895E-2,-9.562895E-2,-9.667465E-2,-9.782015E-2,-9.893565E-2,-1.000187E-1,-1.010558E-1,-1.021993E-1,-1.033732E-1,-1.045789E-1,-1.056915E-1,-1.068431E-1,-1.080429E-1,-1.091845E-1,-1.104470E-1,-1.116300E-1,-1.128280E-1,-1.140244E-1,-1.152543E-1,-1.164567E-1,-1.176714E-1,-1.189164E-1,-1.201078E-1,-1.213234E-1,-1.225697E-1,-1.238266E-1,-1.251027E-1,-1.263655E-1,-1.276561E-1,-1.289332E-1,-1.302059E-1,-1.315215E-1,-1.328283E-1,-1.341574E-1,-1.354720E-1,-1.368177E-1,-1.381573E-1,-1.394769E-1,-1.408553E-1,-1.421739E-1,-1.435262E-1,-1.448548E-1,-1.461928E-1,-1.475833E-1,-1.489453E-1,-1.503462E-1,-1.517838E-1,-1.531596E-1,-1.545948E-1,-1.560229E-1,-1.574041E-1,-1.588413E-1,-1.602934E-1,-1.617438E-1,-1.631889E-1,-1.646926E-1,-1.661823E-1,-1.676101E-1,-1.690450E-1,-1.705081E-1,-1.719847E-1,-1.734758E-1,-1.750244E-1,-1.764844E-1,-1.780191E-1,-1.795491E-1,-1.810971E-1,-1.825940E-1,-1.833368E-1   

1432679586,-1.225745E-1,-1.219904E-1,-1.207218E-1,-1.194780E-1,-1.182124E-1,-1.169699E-1,-1.156736E-1,-1.144275E-1,-1.131924E-1,-1.119371E-1,-1.107074E-1,-1.094745E-1,-1.082052E-1,-1.069668E-1,-1.057572E-1,-1.045256E-1,-1.033237E-1,-1.020911E-1,-1.009429E-1,-9.972985E-2,-9.855415E-2,-9.736805E-2,-9.617785E-2,-9.496250E-2,-9.382030E-2,-9.258775E-2,-9.143715E-2,-9.022170E-2,-8.904625E-2,-8.790550E-2,-8.671825E-2,-8.553450E-2,-8.440955E-2,-8.323090E-2,-8.211950E-2,-8.096545E-2,-7.984845E-2,-7.873150E-2,-7.762350E-2,-7.647595E-2,-7.533670E-2,-7.423425E-2,-7.313525E-2,-7.202025E-2,-7.086760E-2,-6.979790E-2,-6.867120E-2,-6.754085E-2,-6.647860E-2,-6.537100E-2,-6.428625E-2,-6.322790E-2,-6.210640E-2,-6.105485E-2,-6.002550E-2,-5.898010E-2,-5.792620E-2,-5.684465E-2,-5.579050E-2,-5.474015E-2,-5.370145E-2,-5.264930E-2,-5.160890E-2,-5.058550E-2,-4.956713E-2,-4.854519E-2,-4.749949E-2,-4.644876E-2,-4.544459E-2,-4.448497E-2,-4.345314E-2,-4.247252E-2,-4.152393E-2,-4.050386E-2,-3.956023E-2,-3.855307E-2,-3.759150E-2,-3.660828E-2,-3.561256E-2,-3.466389E-2,-3.374217E-2,-3.274117E-2,-3.178926E-2,-3.082996E-2,-2.988170E-2,-2.896671E-2,-2.801140E-2,-2.708626E-2,-2.617322E-2,-2.522521E-2,-2.433456E-2,-2.342638E-2,-2.255561E-2,-2.163145E-2,-2.074323E-2,-1.984204E-2,-1.895317E-2,-1.806252E-2,-1.716506E-2,-1.629217E-2,-1.542368E-2,-1.455599E-2,-1.371248E-2,-1.283757E-2,-1.198376E-2,-1.112386E-2,-1.028676E-2,-9.428160E-3,-8.634390E-3,-7.812055E-3,-6.998325E-3,-6.182730E-3,-5.352285E-3,-4.510073E-3,-3.705672E-3,-2.918554E-3,-2.114640E-3,-1.321681E-3,-5.920085E-4, 2.841175E-4, 1.014196E-3, 1.801070E-3, 2.575774E-3, 3.338388E-3, 4.116175E-3, 4.849904E-3, 5.552640E-3, 6.361420E-3, 7.056365E-3, 7.773135E-3, 8.557415E-3, 9.308425E-3, 9.972785E-3, 1.070042E-2, 1.138969E-2, 1.207855E-2, 1.283151E-2, 1.351388E-2, 1.422846E-2, 1.489485E-2, 1.555961E-2, 1.625382E-2, 1.692191E-2, 1.759040E-2, 1.823351E-2, 1.891279E-2, 1.955296E-2, 2.015217E-2, 2.081896E-2, 2.142692E-2, 2.208503E-2, 2.268894E-2, 2.330795E-2, 2.393092E-2, 2.455803E-2, 2.518483E-2, 2.577908E-2, 2.637228E-2, 2.695736E-2, 2.755023E-2, 2.812120E-2, 2.870215E-2, 2.930045E-2, 2.982712E-2, 3.033196E-2, 3.087193E-2, 3.135584E-2, 3.185443E-2, 3.236593E-2, 3.286144E-2, 3.337033E-2, 3.386690E-2, 3.437149E-2, 3.484866E-2, 3.536364E-2, 3.586143E-2, 3.637949E-2, 3.684976E-2, 3.733294E-2, 3.780394E-2, 3.830375E-2, 3.873662E-2, 3.922443E-2, 3.965648E-2, 4.008643E-2, 4.051540E-2, 4.099096E-2, 4.142950E-2, 4.186400E-2, 4.226750E-2, 4.266612E-2, 4.308074E-2, 4.347621E-2, 4.389634E-2, 4.429018E-2, 4.464402E-2, 4.508127E-2, 4.542660E-2, 4.577630E-2, 4.617542E-2, 4.654378E-2, 4.685106E-2, 4.718161E-2, 4.760636E-2, 4.778933E-2, 4.772110E-2, 4.785392E-2, 4.803404E-2, 4.822464E-2, 4.837190E-2, 4.849295E-2, 4.890643E-2, 4.949484E-2, 4.983457E-2, 5.021715E-2, 5.055070E-2, 5.091170E-2, 5.120590E-2, 5.147520E-2, 5.175055E-2, 5.204250E-2, 5.229895E-2, 5.259470E-2, 5.282045E-2, 5.305890E-2, 5.329525E-2, 5.348360E-2, 5.373430E-2, 5.397940E-2, 5.418070E-2, 5.436910E-2, 5.459865E-2, 5.477950E-2, 5.495990E-2, 5.513675E-2, 5.528485E-2, 5.543870E-2, 5.559625E-2, 5.575185E-2, 5.590220E-2, 5.605850E-2, 5.616220E-2, 5.628990E-2, 5.643205E-2, 5.654785E-2, 5.664035E-2, 5.675070E-2, 5.684650E-2, 5.690915E-2, 5.700900E-2, 5.706160E-2, 5.716610E-2, 5.720560E-2, 5.725030E-2, 5.730885E-2, 5.736150E-2, 5.738130E-2, 5.742070E-2, 5.744230E-2, 5.746940E-2, 5.747810E-2, 5.749910E-2, 5.746890E-2, 5.746760E-2, 5.744700E-2, 5.740390E-2, 5.739595E-2, 5.733980E-2, 5.727555E-2, 5.721520E-2, 5.715830E-2, 5.709585E-2, 5.700255E-2, 5.693695E-2, 5.684075E-2, 5.674145E-2, 5.661240E-2, 5.650540E-2, 5.638240E-2, 5.622330E-2, 5.603820E-2, 5.583230E-2, 5.559545E-2, 5.530740E-2, 5.508750E-2, 5.466575E-2, 5.396415E-2, 5.390565E-2, 5.416555E-2, 5.437535E-2, 5.439120E-2, 5.450560E-2, 5.489960E-2, 5.547870E-2, 5.539315E-2, 5.509350E-2, 5.492045E-2, 5.469570E-2, 5.449060E-2, 5.425230E-2, 5.403395E-2, 5.380970E-2, 5.356535E-2, 5.335715E-2, 5.309795E-2, 5.289460E-2, 5.262150E-2, 5.238320E-2, 5.214430E-2, 5.182640E-2, 5.155670E-2, 5.130400E-2, 5.096710E-2, 5.065665E-2, 5.036385E-2, 5.001380E-2, 4.970459E-2, 4.936373E-2, 4.902076E-2, 4.866326E-2, 4.831365E-2, 4.797473E-2, 4.761318E-2, 4.721374E-2, 4.685527E-2, 4.644106E-2, 4.610280E-2, 4.569394E-2, 4.530489E-2, 4.495340E-2, 4.455534E-2, 4.417529E-2, 4.374071E-2, 4.334663E-2, 4.289834E-2, 4.246490E-2, 4.198879E-2, 4.152808E-2, 4.104005E-2, 4.058064E-2, 4.008724E-2, 3.960715E-2, 3.911067E-2, 3.863439E-2, 3.809953E-2, 3.757643E-2, 3.708125E-2, 3.654574E-2, 3.604025E-2, 3.551407E-2, 3.496371E-2, 3.440776E-2, 3.383598E-2, 3.324375E-2, 3.270322E-2, 3.206019E-2, 3.151860E-2, 3.089936E-2, 3.027224E-2, 2.967126E-2, 2.905712E-2, 2.847010E-2, 2.783884E-2, 2.726974E-2, 2.657934E-2, 2.595595E-2, 2.530848E-2, 2.460038E-2, 2.395721E-2, 2.327703E-2, 2.260026E-2, 2.197664E-2, 2.122352E-2, 2.056581E-2, 1.980790E-2, 1.910055E-2, 1.837330E-2, 1.762392E-2, 1.690876E-2, 1.618283E-2, 1.541729E-2, 1.468989E-2, 1.397296E-2, 1.318624E-2, 1.248124E-2, 1.167221E-2, 1.089670E-2, 1.008743E-2, 9.294470E-3, 8.481225E-3, 7.647535E-3, 6.817985E-3, 6.015775E-3, 5.197500E-3, 4.328675E-3, 3.489304E-3, 2.657074E-3, 1.780623E-3, 9.066065E-4, 5.782410E-5,-8.086465E-4,-1.668626E-3,-2.560655E-3,-3.443678E-3,-4.391692E-3,-5.294595E-3,-6.229300E-3,-7.150055E-3,-8.085410E-3,-8.993990E-3,-9.980060E-3,-1.090462E-2,-1.187747E-2,-1.285810E-2,-1.381974E-2,-1.479356E-2,-1.577159E-2,-1.673973E-2,-1.772613E-2,-1.870303E-2,-1.972885E-2,-2.070989E-2,-2.180297E-2,-2.276600E-2,-2.387466E-2,-2.487615E-2,-2.593419E-2,-2.699085E-2,-2.810519E-2,-2.918644E-2,-3.020277E-2,-3.129432E-2,-3.241865E-2,-3.349096E-2,-3.468417E-2,-3.564639E-2,-3.680999E-2,-3.792498E-2,-3.905572E-2,-4.020511E-2,-4.130486E-2,-4.248436E-2,-4.365226E-2,-4.479428E-2,-4.601986E-2,-4.720407E-2,-4.834633E-2,-4.958157E-2,-5.076255E-2,-5.196345E-2,-5.317490E-2,-5.440350E-2,-5.562845E-2,-5.680835E-2,-5.805675E-2,-5.924680E-2,-6.051905E-2,-6.177625E-2,-6.300800E-2,-6.430345E-2,-6.556460E-2,-6.687910E-2,-6.817040E-2,-6.945850E-2,-7.079850E-2,-7.209585E-2,-7.341105E-2,-7.474665E-2,-7.608705E-2,-7.743375E-2,-7.877610E-2,-8.007180E-2,-8.147640E-2,-8.275535E-2,-8.417270E-2,-8.551675E-2,-8.692230E-2,-8.832470E-2,-8.970360E-2,-9.111250E-2,-9.252365E-2,-9.398480E-2,-9.537995E-2,-9.678900E-2,-9.825840E-2,-9.968555E-2,-1.011737E-1,-1.026458E-1,-1.040975E-1,-1.055183E-1,-1.070000E-1,-1.084316E-1,-1.099207E-1,-1.114188E-1,-1.129336E-1,-1.144233E-1,-1.159425E-1,-1.174847E-1,-1.190146E-1,-1.197288E-1





1432681988,-7.522745E-2,-7.463855E-2,-7.343690E-2,-7.214925E-2,-7.087345E-2,-6.962555E-2,-6.839175E-2,-6.710410E-2,-6.586140E-2,-6.464480E-2,-6.339140E-2,-6.214010E-2,-6.090145E-2,-5.966440E-2,-5.842170E-2,-5.720430E-2,-5.603250E-2,-5.480050E-2,-5.360470E-2,-5.241245E-2,-5.127460E-2,-5.007260E-2,-4.887502E-2,-4.768278E-2,-4.652056E-2,-4.528516E-2,-4.410980E-2,-4.294385E-2,-4.178958E-2,-4.061665E-2,-3.945719E-2,-3.828848E-2,-3.709965E-2,-3.596372E-2,-3.480410E-2,-3.370289E-2,-3.260591E-2,-3.144450E-2,-3.033178E-2,-2.921971E-2,-2.808491E-2,-2.694087E-2,-2.583431E-2,-2.475079E-2,-2.357284E-2,-2.247569E-2,-2.141554E-2,-2.031921E-2,-1.920600E-2,-1.813336E-2,-1.704529E-2,-1.594734E-2,-1.488720E-2,-1.380400E-2,-1.276122E-2,-1.169799E-2,-1.071070E-2,-9.604470E-3,-8.561040E-3,-7.466655E-3,-6.461030E-3,-5.414190E-3,-4.355342E-3,-3.318726E-3,-2.299797E-3,-1.277461E-3,-2.327304E-4, 7.087925E-4, 1.783869E-3, 2.727177E-3, 3.774990E-3, 4.786779E-3, 5.752155E-3, 6.730515E-3, 7.680640E-3, 8.656405E-3, 9.656345E-3, 1.062513E-2, 1.160138E-2, 1.254356E-2, 1.356362E-2, 1.449881E-2, 1.544488E-2, 1.637602E-2, 1.731430E-2, 1.828227E-2, 1.917949E-2, 2.014941E-2, 2.106854E-2, 2.200406E-2, 2.288116E-2, 2.381781E-2, 2.469345E-2, 2.555043E-2, 2.648465E-2, 2.739891E-2, 2.824258E-2, 2.913915E-2, 3.004823E-2, 3.091332E-2, 3.179610E-2, 3.267984E-2, 3.354461E-2, 3.435259E-2, 3.521800E-2, 3.606475E-2, 3.688490E-2, 3.773895E-2, 3.855941E-2, 3.939027E-2, 4.017243E-2, 4.104759E-2, 4.182830E-2, 4.262345E-2, 4.347507E-2, 4.424555E-2, 4.502139E-2, 4.586490E-2, 4.665015E-2, 4.740863E-2, 4.821206E-2, 4.901110E-2, 4.971943E-2, 5.053355E-2, 5.126430E-2, 5.202780E-2, 5.272755E-2, 5.346280E-2, 5.421300E-2, 5.497180E-2, 5.569055E-2, 5.639320E-2, 5.715865E-2, 5.787705E-2, 5.856785E-2, 5.929145E-2, 5.997835E-2, 6.066800E-2, 6.138140E-2, 6.202445E-2, 6.273280E-2, 6.338045E-2, 6.408520E-2, 6.477130E-2, 6.541230E-2, 6.600070E-2, 6.670095E-2, 6.732700E-2, 6.794885E-2, 6.857425E-2, 6.926815E-2, 6.989320E-2, 7.044625E-2, 7.109245E-2, 7.167305E-2, 7.232620E-2, 7.295260E-2, 7.352075E-2, 7.409505E-2, 7.468685E-2, 7.526440E-2, 7.588040E-2, 7.643875E-2, 7.696550E-2, 7.754145E-2, 7.807940E-2, 7.864345E-2, 7.924580E-2, 7.975310E-2, 8.033405E-2, 8.085120E-2, 8.137780E-2, 8.188590E-2, 8.240730E-2, 8.291260E-2, 8.341130E-2, 8.391270E-2, 8.440360E-2, 8.490065E-2, 8.537970E-2, 8.584250E-2, 8.626150E-2, 8.678890E-2, 8.720335E-2, 8.765185E-2, 8.811695E-2, 8.854535E-2, 8.901630E-2, 8.944340E-2, 8.985360E-2, 9.032925E-2, 9.074340E-2, 9.114275E-2, 9.154535E-2, 9.193710E-2, 9.236825E-2, 9.273970E-2, 9.314650E-2, 9.349785E-2, 9.388635E-2, 9.423200E-2, 9.459645E-2, 9.494535E-2, 9.523840E-2, 9.565610E-2, 9.622685E-2, 9.670960E-2, 9.707425E-2, 9.749065E-2, 9.784845E-2, 9.828255E-2, 9.856280E-2, 9.872215E-2, 9.894770E-2, 9.920055E-2, 9.945890E-2, 9.968800E-2, 9.994475E-2, 1.002063E-1, 1.004454E-1, 1.006680E-1, 1.008995E-1, 1.011656E-1, 1.014009E-1, 1.016125E-1, 1.017789E-1, 1.020287E-1, 1.022307E-1, 1.024398E-1, 1.026234E-1, 1.028401E-1, 1.030285E-1, 1.032440E-1, 1.034022E-1, 1.035572E-1, 1.037268E-1, 1.038569E-1, 1.040522E-1, 1.041774E-1, 1.043475E-1, 1.044708E-1, 1.045678E-1, 1.047248E-1, 1.048528E-1, 1.049762E-1, 1.050300E-1, 1.051889E-1, 1.052769E-1, 1.053800E-1, 1.053945E-1, 1.055027E-1, 1.055999E-1, 1.057003E-1, 1.057151E-1, 1.057880E-1, 1.058454E-1, 1.058787E-1, 1.059097E-1, 1.059641E-1, 1.059680E-1, 1.059952E-1, 1.059720E-1, 1.060367E-1, 1.060145E-1, 1.060450E-1, 1.060463E-1, 1.060051E-1, 1.059645E-1, 1.059282E-1, 1.059111E-1, 1.059103E-1, 1.058277E-1, 1.058069E-1, 1.057292E-1, 1.056916E-1, 1.056352E-1, 1.055408E-1, 1.054642E-1, 1.053954E-1, 1.052932E-1, 1.052270E-1, 1.051410E-1, 1.050493E-1, 1.049571E-1, 1.048814E-1, 1.047731E-1, 1.047908E-1, 1.045992E-1, 1.043573E-1, 1.040998E-1, 1.039557E-1, 1.037139E-1, 1.033913E-1, 1.030493E-1, 1.027905E-1, 1.026501E-1, 1.024418E-1, 1.022192E-1, 1.019991E-1, 1.017769E-1, 1.015709E-1, 1.013375E-1, 1.011067E-1, 1.008377E-1, 1.006277E-1, 1.003355E-1, 1.000306E-1, 9.982580E-2, 9.951390E-2, 9.924370E-2, 9.895520E-2, 9.864830E-2, 9.834180E-2, 9.803575E-2, 9.771070E-2, 9.740415E-2, 9.706060E-2, 9.672715E-2, 9.640115E-2, 9.601475E-2, 9.567820E-2, 9.527800E-2, 9.493365E-2, 9.457860E-2, 9.417695E-2, 9.379370E-2, 9.340615E-2, 9.298780E-2, 9.263940E-2, 9.218490E-2, 9.174415E-2, 9.131460E-2, 9.085955E-2, 9.041590E-2, 8.995535E-2, 8.949530E-2, 8.906155E-2, 8.859925E-2, 8.808240E-2, 8.762640E-2, 8.715240E-2, 8.669005E-2, 8.612665E-2, 8.569240E-2, 8.514535E-2, 8.464520E-2, 8.414445E-2, 8.360615E-2, 8.309745E-2, 8.252685E-2, 8.200140E-2, 8.142160E-2, 8.085350E-2, 8.029560E-2, 7.974660E-2, 7.914325E-2, 7.856505E-2, 7.798135E-2, 7.737675E-2, 7.679140E-2, 7.612215E-2, 7.550875E-2, 7.489390E-2, 7.425700E-2, 7.370185E-2, 7.299190E-2, 7.238155E-2, 7.169595E-2, 7.104635E-2, 7.036300E-2, 6.970740E-2, 6.900215E-2, 6.829970E-2, 6.759085E-2, 6.688465E-2, 6.619725E-2, 6.546210E-2, 6.474095E-2, 6.401285E-2, 6.326815E-2, 6.249070E-2, 6.178465E-2, 6.102050E-2, 6.027905E-2, 5.949200E-2, 5.872575E-2, 5.795510E-2, 5.717340E-2, 5.634825E-2, 5.555940E-2, 5.474365E-2, 5.389560E-2, 5.305905E-2, 5.222285E-2, 5.140905E-2, 5.054575E-2, 4.969964E-2, 4.884736E-2, 4.794024E-2, 4.714964E-2, 4.625891E-2, 4.538684E-2, 4.451120E-2, 4.355264E-2, 4.273136E-2, 4.176112E-2, 4.087233E-2, 3.992400E-2, 3.903829E-2, 3.806772E-2, 3.712522E-2, 3.616163E-2, 3.520940E-2, 3.425019E-2, 3.328026E-2, 3.229882E-2, 3.131527E-2, 3.034600E-2, 2.934070E-2, 2.837727E-2, 2.735217E-2, 2.630437E-2, 2.533152E-2, 2.426391E-2, 2.328847E-2, 2.221388E-2, 2.113556E-2, 2.008807E-2, 1.897827E-2, 1.793840E-2, 1.686642E-2, 1.578955E-2, 1.470360E-2, 1.356411E-2, 1.249990E-2, 1.143780E-2, 1.029214E-2, 9.159780E-3, 8.065560E-3, 6.905935E-3, 5.741445E-3, 4.626775E-3, 3.422203E-3, 2.247977E-3, 1.101499E-3,-5.714815E-5,-1.269509E-3,-2.465805E-3,-3.630782E-3,-4.877383E-3,-6.071085E-3,-7.297235E-3,-8.503270E-3,-9.705245E-3,-1.095818E-2,-1.214246E-2,-1.339394E-2,-1.469766E-2,-1.594897E-2,-1.724068E-2,-1.849961E-2,-1.981940E-2,-2.109423E-2,-2.239082E-2,-2.370509E-2,-2.502147E-2,-2.633655E-2,-2.766445E-2,-2.896655E-2,-3.034817E-2,-3.165595E-2,-3.296211E-2,-3.433691E-2,-3.565604E-2,-3.703522E-2,-3.843436E-2,-3.979407E-2,-4.119078E-2,-4.263211E-2,-4.400821E-2,-4.545246E-2,-4.684381E-2,-4.828223E-2,-4.968267E-2,-5.115745E-2,-5.258870E-2,-5.407630E-2,-5.551130E-2,-5.699255E-2,-5.839215E-2,-5.987405E-2,-6.131215E-2,-6.282130E-2,-6.431655E-2,-6.582375E-2,-6.729590E-2,-6.882050E-2,-7.034720E-2,-7.186790E-2,-7.257070E-2

